date,last,bid,ask
11/16/2022,3973.63,3971.18,3973.64
11/15/2022,3991.73,3956.06,4016.41
11/14/2022,3957.25,3907.96,4033.33
11/11/2022,3992.93,3967.73,4010.61
11/10/2022,3956.37,3900.75,4029.45
11/9/2022,3748.57,3690.74,3835.14
11/8/2022,3828.11,3761.68,3902.43
11/7/2022,3806.8,3763.32,3851.99
11/4/2022,3770.55,3734.23,3803.17
11/3/2022,3719.89,3663.28,3801.64
11/2/2022,3759.69,3710.21,3842.39
11/1/2022,3856.1,3817.08,3897.56
10/31/2022,3871.98,3826.12,3924.22
10/28/2022,3901.06,3870.29,3969.67
10/27/2022,3807.3,3710.77,3844.7
10/26/2022,3830.6,3774.1,3894.17
10/25/2022,3859.11,3780.45,3890.44
10/24/2022,3797.34,3734.3,3841.3
10/21/2022,3752.75,3701.13,3809.52
10/20/2022,3665.78,3613.82,3710.58
10/19/2022,3695.16,3641.81,3753.32
10/18/2022,3719.98,3703.76,3794.92
10/17/2022,3677.95,3666.35,3713.15
10/14/2022,3583.07,3561.15,3600.11
10/13/2022,3669.91,3617.47,3717
10/12/2022,3577.03,3551.18,3616.61
10/11/2022,3588.84,3555.17,3644.29
10/10/2022,3612.39,3585.46,3642.24
10/7/2022,3639.66,3605.19,3675.97
10/6/2022,3744.52,3671.49,3761.61
10/5/2022,3783.28,3737.54,3831.75
10/4/2022,3790.93,3750.76,3834.16
10/3/2022,3678.43,3628.97,3729.57
9/30/2022,3585.62,3560.47,3614.17
9/29/2022,3640.47,3586.8,3692.63
9/28/2022,3719.04,3666.54,3766.94
9/27/2022,3647.29,3623.72,3680.01
9/26/2022,3655.04,3628.06,3676.01
9/23/2022,3693.23,3677.66,3717.6
9/22/2022,3757.99,3724.15,3804.58
9/21/2022,3789.93,3756.46,3804.82
9/20/2022,3855.93,3839.97,3898.95
9/19/2022,3899.89,3883.68,3947.42
9/16/2022,3873.33,3861.52,3901.05
9/15/2022,3901.35,3849.21,3908.73
9/14/2022,3946.01,3924.35,3999.55
9/13/2022,3932.69,3899.56,3962.39
9/12/2022,4110.41,4094.49,4139.03
9/9/2022,4067.36,4023.61,4101.73
9/8/2022,4006.18,3987.43,4034.06
9/7/2022,3979.87,3963.69,4002.24
9/6/2022,3908.19,3891.85,3932.01
9/2/2022,3924.26,3907.82,3966.16
9/1/2022,3966.85,3951.36,4015.36
8/31/2022,3955,3934.32,3993.5
8/30/2022,3986.16,3970.43,4009.67
8/29/2022,4030.61,4015.95,4057.9
8/26/2022,4057.66,4017.12,4095.84
8/25/2022,4199.12,4174.09,4223.69
8/24/2022,4140.77,4112.01,4177.75
8/23/2022,4128.73,4104.06,4153.45
8/22/2022,4137.99,4123.03,4166.04
8/19/2022,4228.48,4210.2,4239.4
8/18/2022,4283.74,4264.25,4302.98
8/17/2022,4274.04,4247.71,4296.89
8/16/2022,4305.2,4266.74,4342.02
8/15/2022,4297.14,4249.85,4335.72
8/12/2022,4280.15,4234.54,4307.06
8/11/2022,4207.27,4188.91,4238.64
8/10/2022,4210.24,4168.35,4239.4
8/9/2022,4122.47,4103.05,4147.66
8/8/2022,4140.06,4107.74,4185.18
8/5/2022,4145.19,4100.62,4176.35
8/4/2022,4151.94,4106.45,4189.16
8/3/2022,4155.17,4104.4,4193.94
8/2/2022,4091.19,4049,4140.19
8/1/2022,4118.63,4076.3,4158.53
7/29/2022,4130.29,4086.15,4162.67
7/28/2022,4072.43,4049.48,4162.98
7/27/2022,4023.61,3967.16,4068.77
7/26/2022,3921.05,3893.88,3978.13
7/25/2022,3966.84,3905.4,3993
7/22/2022,3961.63,3928.74,3994.64
7/21/2022,3998.95,3930.07,4026.22
7/20/2022,3959.9,3901.33,3996.76
7/19/2022,3936.69,3911.1,3991.57
7/18/2022,3830.85,3798.38,3876.82
7/15/2022,3863.16,3825.08,3891.8
7/14/2022,3790.38,3773.94,3825.1
7/13/2022,3801.78,3768.82,3821.64
7/12/2022,3818.8,3784.3,3859.86
7/11/2022,3854.43,3832.62,3879.67
7/8/2022,3899.38,3885.27,3929.48
7/7/2022,3902.62,3861.41,3932.8
7/6/2022,3845.08,3814.08,3884.11
7/5/2022,3831.39,3805.53,3871.5
7/1/2022,3825.33,3804.69,3863.1
6/30/2022,3785.38,3733.31,3819.46
6/29/2022,3818.83,3782.05,3855.4
6/28/2022,3821.55,3776.73,3877.1
6/27/2022,3900.11,3874.99,3932.75
6/24/2022,3911.74,3849.33,3962.06
6/23/2022,3795.73,3756.59,3830.48
6/22/2022,3759.89,3719.65,3788.09
6/21/2022,3764.79,3736.07,3796.91
6/17/2022,3674.84,3636.71,3730.25
6/16/2022,3666.77,3620.28,3727
6/15/2022,3789.99,3754.4,3839.33
6/14/2022,3735.48,3686.13,3782.14
6/13/2022,3749.63,3725.24,3798.3
6/10/2022,3900.86,3878.48,3927.93
6/9/2022,4017.82,3983.94,4054.08
6/8/2022,4115.77,4087.69,4147.26
6/7/2022,4160.68,4122.09,4176.62
6/6/2022,4121.43,4097.32,4149.68
6/3/2022,4108.54,4072.17,4142.96
6/2/2022,4176.82,4147.83,4209.99
6/1/2022,4101.23,4057.22,4125.53
5/31/2022,4132.15,4094.66,4178.75
5/27/2022,4158.24,4129.33,4199.89
5/26/2022,4057.84,3997.89,4099.14
5/25/2022,3978.73,3920.2,4019.04
5/24/2022,3941.48,3901.49,3988.33
5/23/2022,3973.75,3911.29,3999.42
5/20/2022,3901.36,3852.43,3936.27
5/19/2022,3900.79,3859.03,3949.8
5/18/2022,3923.68,3867.56,3937.76
5/17/2022,4088.85,4034.58,4140.85
5/16/2022,4008.01,3971.57,4046.79
5/13/2022,4023.89,3958.5,4067.25
5/12/2022,3930.08,3844.28,3966.91
5/11/2022,3935.18,3902.31,3999
5/10/2022,4001.05,3943.91,4042.19
5/9/2022,3991.24,3947.41,4026.13
5/6/2022,4123.34,4046.25,4563
5/5/2022,4146.87,4115.38,5506.76
5/4/2022,4300.17,4240.53,6124.5
5/3/2022,4175.48,4132.23,4825.75
5/2/2022,4155.38,4102.33,4192.33
4/29/2022,4131.93,4108.68,5434.72
4/28/2022,4287.5,4187.39,6238.01
4/27/2022,4183.96,4161.18,6865.62
4/26/2022,4175.2,4089.17,5740.52
4/25/2022,4296.12,4235.4,5919.32
4/22/2022,4271.78,4210.98,4907.73
4/21/2022,4393.66,4341.86,5202.97
4/20/2022,4459.45,4439.38,4514.45
4/19/2022,4462.21,4399.42,4475.09
4/18/2022,4391.69,4368.92,4436.78
4/14/2022,4392.59,4354.39,4426.16
4/13/2022,4446.59,4407.66,4483.5
4/12/2022,4397.45,4359.77,4443.98
4/11/2022,4412.53,4357.52,4470.72
4/8/2022,4488.28,4413.44,4545.35
4/7/2022,4500.21,4438.95,4596.66
4/6/2022,4481.15,4412.57,4566.42
4/5/2022,4525.12,4474.14,4595.91
4/4/2022,4582.64,4517.61,4663.09
4/1/2022,4545.86,4490.56,4614.39
3/31/2022,4530.41,4499.97,4587.05
3/30/2022,4602.45,4561.42,4642.66
3/29/2022,4631.6,4587.65,4687.48
3/28/2022,4575.52,4538.28,4622.92
3/25/2022,4543.06,4502.88,4719.24
3/24/2022,4520.16,4476.34,4560.59
3/23/2022,4456.24,4424.55,4492.8
3/22/2022,4511.61,4462.53,4550.22
3/21/2022,4461.18,4426.61,4508.34
3/18/2022,4463.12,4435.41,4575.72
3/17/2022,4411.67,4351.24,4450.49
3/16/2022,4357.86,4327.45,4415.04
3/15/2022,4262.45,4210.75,4506.46
3/14/2022,4173.11,4135.15,4217.72
3/11/2022,4204.31,4169.86,4251.94
3/10/2022,4259.52,4198.92,4380.74
3/9/2022,4277.88,4224.96,4353.71
3/8/2022,4170.7,4110.85,4228.92
3/7/2022,4201.09,4141.12,4234.43
3/4/2022,4328.87,4259.3,4403.8
3/3/2022,4363.49,4310.35,4429.44
3/2/2022,4386.54,4319.25,4424.15
3/1/2022,4306.26,4255.22,4366.92
2/28/2022,4373.94,4299.02,4419.26
2/25/2022,4384.65,4312.99,4440.03
2/24/2022,4288.7,4185.66,4339.26
2/23/2022,4225.5,4150.35,4272.47
2/22/2022,4304.76,4253.15,4384.95
2/18/2022,4348.87,4290.14,4406.55
2/17/2022,4380.26,4314.03,4440.73
2/16/2022,4475.01,4399.69,4524.33
2/15/2022,4471.07,4392.42,4510.75
2/14/2022,4401.67,4338.69,4456.71
2/11/2022,4418.64,4362.32,4532.7
2/10/2022,4504.08,4434.58,4551.45
2/9/2022,4587.18,4523.65,4642.31
2/8/2022,4521.54,4452.41,4580.3
2/7/2022,4483.87,4432.45,4558.89
2/4/2022,4500.53,4420.5,4615.43
2/3/2022,4477.44,4477.22,4591.04
2/2/2022,4589.38,4463.83,4589.99
2/1/2022,4546.54,4489.51,4619.43
1/31/2022,4515.55,4459.92,4568.93
1/28/2022,4431.85,4340.43,4520.61
1/27/2022,4326.51,4285.59,4563.02
1/26/2022,4349.93,4279.04,4667.53
1/25/2022,4356.45,4238.54,4381.92
1/24/2022,4410.13,4308.32,4483.65
1/21/2022,4397.94,4332.27,4448.91
1/20/2022,4482.73,4394.7,4517.98
1/19/2022,4532.76,4457.52,4599.87
1/18/2022,4577.11,4517.1,4860.93
1/14/2022,4662.85,4607.53,4720.21
1/13/2022,4659.03,4602.85,4725.63
1/12/2022,4726.35,4685.37,4789.37
1/11/2022,4713.07,4669.24,4765.22
1/10/2022,4670.29,4601.18,5664.21
1/7/2022,4677.03,4619.75,4727.22
1/6/2022,4696.05,4647.9,4760.23
1/5/2022,4700.58,4635.25,4934.39
1/4/2022,4793.54,4725.93,4834.04
1/3/2022,4796.56,4745.23,4855.51
12/31/2021,4766.18,4701.56,4834.94
12/30/2021,4778.73,4714.52,5327.6
12/29/2021,4793.06,4725.92,4853.17
12/28/2021,4786.35,4731.15,4893.77
12/27/2021,4791.19,4723.29,5126.91
12/23/2021,4725.79,4665.95,4814.45
12/22/2021,4696.56,4632.7,4945.85
12/21/2021,4649.23,4582.06,4693.14
12/20/2021,4568.02,4514.86,4704.92
12/17/2021,4620.64,4566.17,4696.45
12/16/2021,4668.67,4609.27,5241.3
12/15/2021,4709.85,4649.27,4771.16
12/14/2021,4634.09,4575.65,4992.21
12/13/2021,4668.97,4612.03,4961.32
12/10/2021,4712.02,4652.6,4947.96
12/9/2021,4667.45,4611.42,4723.74
12/8/2021,4701.21,4636.44,4837.63
12/7/2021,4686.75,4637.52,5237.15
12/6/2021,4591.67,4529.39,4943.37
12/3/2021,4538.43,4470.09,4590.03
12/2/2021,4577.1,4524.88,4901.84
12/1/2021,4513.04,4460.95,4737.83
11/30/2021,4567,4528.64,4647.79
11/29/2021,4655.27,4602.71,5076.88
11/26/2021,4594.62,4568.58,4622.31
11/24/2021,4701.46,4643.23,5233.92
11/23/2021,4690.7,4625.33,4746.84
11/22/2021,4682.94,4630.89,4745.34
11/19/2021,4697.96,4652.56,5040.32
11/18/2021,4704.54,4658.94,4844.12
11/17/2021,4688.67,4646.48,4750.08
11/16/2021,4700.9,4657.8,5260.18
11/15/2021,4682.8,4644.49,4742.49
11/12/2021,4682.85,4638.62,5079.68
11/11/2021,4649.27,4608.37,4708.99
11/10/2021,4646.71,4589.45,4700.32
11/9/2021,4685.25,4631.84,4741.73
11/8/2021,4701.7,4650.28,4799.04
11/5/2021,4697.53,4647.15,4744.7
11/4/2021,4680.06,4634.73,5049.58
11/3/2021,4660.57,4610.07,5526.37
11/2/2021,4630.65,4575.83,5311.59
11/1/2021,4613.67,4568.45,4691.82
10/29/2021,4605.38,4561.03,4677.16
10/28/2021,4596.42,4523.34,5045.16
10/27/2021,4551.68,4505.5,4852.96
10/26/2021,4574.79,4520.87,4910.34
10/25/2021,4566.48,4525.68,5460.63
10/22/2021,4544.9,4487.49,5246.88
10/21/2021,4549.78,4481.29,5232.08
10/20/2021,4536.19,4482.14,4843.1
10/19/2021,4519.63,4473.36,4566.07
10/18/2021,4486.46,4438.53,4829.37
10/15/2021,4471.37,4423.96,5091.26
10/14/2021,4438.26,4389.58,4550.7
10/13/2021,4363.8,4317.39,4411.49
10/12/2021,4350.65,4296.08,4384.79
10/11/2021,4361.19,4311.88,4696.81
10/8/2021,4391.34,4350.07,4439.85
10/7/2021,4399.76,4353.97,4451.06
10/6/2021,4363.55,4316.17,4427.53
10/5/2021,4345.72,4286.55,4398.38
10/4/2021,4300.46,4259.37,4359.03
10/1/2021,4357.04,4304.07,4945.23
9/30/2021,4307.54,4260.08,4355.71
9/29/2021,4359.46,4331.2,4408.06
9/28/2021,4352.63,4309.63,7935.99
9/27/2021,4443.11,4394.11,4480.7
9/24/2021,4455.48,4417.98,4502.21
9/23/2021,4448.98,4422.52,4492.02
9/22/2021,4395.64,4345.9,4443.42
9/21/2021,4354.19,4304.11,4386.52
9/20/2021,4357.73,4298.92,4406.7
9/17/2021,4432.99,4386.08,4470.43
9/16/2021,4473.75,4426.44,4513.27
9/15/2021,4480.7,4431.95,6240.29
9/14/2021,4443.05,4397.02,4488.03
9/13/2021,4468.73,4415.88,4516.19
9/10/2021,4458.58,4417.14,4501.77
9/9/2021,4493.28,4447.98,4530.97
9/8/2021,4514.07,4466.76,4559.6
9/7/2021,4520.03,4474.43,4559.77
9/3/2021,4535.43,4490.16,4572.31
9/2/2021,4536.95,4497.99,4574.05
9/1/2021,4524.09,4477.36,4563.85
8/31/2021,4522.68,4478.29,4564.39
8/30/2021,4528.79,4485.52,4574.69
8/27/2021,4509.37,4464.54,4547.62
8/26/2021,4470,4427.93,4515.77
8/25/2021,4496.19,4450.2,4532.57
8/24/2021,4486.23,4438.11,4545.31
8/23/2021,4479.53,4435.71,4524.53
8/20/2021,4441.67,4385.38,4490.67
8/19/2021,4405.8,4354.09,5119.97
8/18/2021,4400.27,4344.95,4459.09
8/17/2021,4448.08,4393.13,4500.28
8/16/2021,4479.71,4430.3,10193
8/13/2021,4468,4424.14,4505
8/12/2021,4460.83,4416.82,4504.01
8/11/2021,4447.7,4395.46,4485.23
8/10/2021,4436.75,4387.63,4479.75
8/9/2021,4432.35,4386.56,4475.85
8/6/2021,4436.52,4385.54,4483.12
8/5/2021,4429.1,4378.65,4502.2
8/4/2021,4402.66,4361.36,4449.35
8/3/2021,4423.15,4367.69,4479.76
8/2/2021,4387.16,4347.98,4432.21
7/30/2021,4395.26,4352.26,4446.84
7/29/2021,4419.15,4348.34,4430.88
7/28/2021,4400.64,4353.35,4446.41
7/27/2021,4401.46,4336.92,4438
7/26/2021,4422.3,4372.95,4628.25
7/23/2021,4411.79,4359.95,4464.85
7/22/2021,4367.48,4330.48,4434.73
7/21/2021,4358.69,4308.39,4404.15
7/20/2021,4323.06,4271.46,4385.23
7/19/2021,4258.49,4222.41,4311.41
7/16/2021,4327.16,4286,4364.85
7/15/2021,4360.03,4316.59,4394.28
7/14/2021,4374.3,4335.23,4414.58
7/13/2021,4369.21,4325.15,4405.45
7/12/2021,4384.63,4338.34,4425.9
7/9/2021,4369.55,4325.61,4409.52
7/8/2021,4320.82,4277.19,4375.8
7/7/2021,4358.13,4312.12,4404.46
7/6/2021,4343.54,4294.27,4378.01
7/2/2021,4352.34,4308.08,4390.31
7/1/2021,4319.94,4277.68,4356.16
6/30/2021,4297.5,4263.75,4335.29
6/29/2021,4291.8,4253.23,4340.85
6/28/2021,4290.61,4254.27,4335.57
6/25/2021,4280.7,4243.66,4314.52
6/24/2021,4266.49,4232.43,4302.52
6/23/2021,4241.84,4205.5,4285.47
6/22/2021,4246.44,4210.12,4290.76
6/21/2021,4224.79,4185.04,4261.47
6/18/2021,4166.45,4127.71,4208.09
6/17/2021,4221.86,4182.76,4279.83
6/16/2021,4223.7,4179.62,4421.69
6/15/2021,4246.59,4207.44,4288.2
6/14/2021,4255.15,4217.61,4297.84
6/11/2021,4247.44,4210.26,4284.91
6/10/2021,4239.18,4201.99,4280.23
6/9/2021,4219.55,4180.6,4259.17
6/8/2021,4227.26,4193.15,4263.57
6/7/2021,4226.52,4191.52,4531.73
6/4/2021,4229.89,4187.6,4264.36
6/3/2021,4192.85,4151.78,4227.55
6/2/2021,4208.12,4167.6,4246.74
6/1/2021,4202.04,4158.92,4245.05
5/28/2021,4204.11,4167.22,4248.8
5/27/2021,4200.88,4186.19,4249.96
5/26/2021,4195.99,4160.16,4221.47
5/25/2021,4188.13,4151.71,4233.22
5/24/2021,4197.05,4159.24,4235.76
5/21/2021,4155.86,4109.84,4198.07
5/20/2021,4159.12,4136.66,4212.64
5/19/2021,4115.68,4066.46,4151.34
5/18/2021,4127.83,4077.65,4148.16
5/17/2021,4163.29,4125.33,4200.06
5/14/2021,4173.85,4140.18,4229.39
5/13/2021,4112.5,4068.58,4166.07
5/12/2021,4063.04,4011.77,4121.21
5/11/2021,4152.1,4088.17,4191.19
5/10/2021,4188.43,4134.5,4233.77
5/7/2021,4232.6,4200.26,4292.28
5/6/2021,4201.62,4152.19,4256.93
5/5/2021,4167.59,4126.3,4211.87
5/4/2021,4164.66,4124.4,4208.36
5/3/2021,4192.66,4154.82,4253.8
4/30/2021,4181.17,4145.88,4243.05
4/29/2021,4211.47,4167.63,4253.23
4/28/2021,4183.18,4157.03,4232.9
4/27/2021,4186.72,4146.83,4233.66
4/26/2021,4187.62,4147.72,4222.5
4/23/2021,4180.17,4150.86,4218.48
4/22/2021,4134.98,4089.11,4191.72
4/21/2021,4173.42,4123.86,4212.48
4/20/2021,4134.94,4079.33,4167.96
4/19/2021,4163.26,4123.99,4232.61
4/16/2021,4185.47,4151.35,4235.33
4/15/2021,4170.42,4124.54,4220.58
4/14/2021,4124.66,4087.51,4165.93
4/13/2021,4141.59,4101.75,4200.84
4/12/2021,4127.99,4092.98,4159.35
4/9/2021,4128.8,4090.86,4160.86
4/8/2021,4097.17,4073.22,4134.1
4/7/2021,4079.95,4052.96,4108.29
4/6/2021,4073.94,4042.58,4106.94
4/5/2021,4077.91,4046.1,4116.5
4/1/2021,4019.87,3990.69,4052.76
3/31/2021,3972.89,3941.8,4001.09
3/30/2021,3958.55,3921.55,3995.97
3/29/2021,3971.09,3930.79,4014.5
3/26/2021,3974.54,3926.63,4004.33
3/25/2021,3909.52,3868.43,3963.68
3/24/2021,3889.14,3860.12,3928.13
3/23/2021,3910.52,3875.26,3963.02
3/22/2021,3940.59,3899.35,3984.86
3/19/2021,3913.1,3876.06,3958.02
3/18/2021,3915.46,3883.09,3961.74
3/17/2021,3974.12,3931.92,4020.06
3/16/2021,3962.71,3921.95,4019.8
3/15/2021,3968.94,3915.48,4013.96
3/12/2021,3943.34,3903.24,3989.72
3/11/2021,3939.34,3897.22,3975.05
3/10/2021,3898.81,3862.16,3944.57
3/9/2021,3875.44,3839.52,3917.3
3/8/2021,3821.35,3791.58,3877.68
3/5/2021,3841.94,3786.99,3883.63
3/4/2021,3768.47,3721.82,3815.76
3/3/2021,3819.72,3784.3,3852.76
3/2/2021,3870.29,3838.53,3908.05
3/1/2021,3901.82,3879.15,3944.47
2/26/2021,3811.15,3779.81,3848.55
2/25/2021,3829.34,3775.69,3853.57
2/24/2021,3925.43,3893.82,3961.9
2/23/2021,3881.37,3839.31,3916.8
2/22/2021,3876.5,3847.91,3913.05
2/19/2021,3906.71,3877.57,3939.01
2/18/2021,3913.97,3882.42,3946.15
2/17/2021,3931.33,3896.78,3957.81
2/16/2021,3932.59,3905.79,3964.01
2/12/2021,3934.83,3897.11,3966.43
2/11/2021,3916.38,3881.35,3936.96
2/10/2021,3909.88,3877.11,3934.1
2/9/2021,3911.23,3884.97,3936.85
2/8/2021,3915.59,3889.88,3936.62
2/5/2021,3886.83,3862.62,3909
2/4/2021,3871.74,3844.2,3897.99
2/3/2021,3830.17,3809.19,3861.17
2/2/2021,3826.31,3805.93,3867.65
2/1/2021,3773.86,3734.89,3805.58
1/29/2021,3714.24,3682.26,3746.05
1/28/2021,3787.38,3746.44,3821.13
1/27/2021,3750.77,3705.74,3782.5
1/26/2021,3849.62,3828.52,3891.97
1/25/2021,3855.36,3814.06,3889.21
1/22/2021,3841.47,3814.77,3874.52
1/21/2021,3853.07,3822.87,3880.91
1/20/2021,3851.85,3822.87,3881
1/19/2021,3798.91,3776.67,3835.9
1/15/2021,3768.25,3719.9,3805.09
1/14/2021,3795.54,3762.98,3831.75
1/13/2021,3809.84,3773.33,3856.43
1/12/2021,3801.19,3768.29,3834.26
1/11/2021,3799.61,3766.55,3836.94
1/8/2021,3824.68,3794.93,3861.14
1/7/2021,3803.79,3766.71,3841.83
1/6/2021,3748.14,3716.08,3805.2
1/5/2021,3726.86,3692.79,3766.99
1/4/2021,3700.65,3662.91,3738.64
12/31/2020,3756.07,3714.61,3787.14
12/30/2020,3732.04,3688.89,3771.45
12/29/2020,3727.04,3693.36,3764.07
12/28/2020,3735.36,3696.58,3784.35
12/24/2020,3703.06,3655.99,3764.24
12/23/2020,3690.01,3659.4,3728
12/22/2020,3687.26,3651.71,3712.31
12/21/2020,3694.92,3658.89,3731.88
12/18/2020,3709.41,3695.74,3783.22
12/17/2020,3722.48,3687.54,3763.84
12/16/2020,3701.17,3674.31,3728.83
12/15/2020,3694.62,3660.63,3728.26
12/14/2020,3647.49,3621.14,3685.66
12/11/2020,3663.46,3622.3,3713.11
12/10/2020,3668.1,3633.4,3703.92
12/9/2020,3672.82,3638.24,3708.8
12/8/2020,3702.25,3665.35,3747.31
12/7/2020,3691.96,3657.34,3715.11
12/4/2020,3699.12,3654.65,3726.09
12/3/2020,3666.72,3632.57,3706.59
12/2/2020,3669.01,3646.3,3706.18
12/1/2020,3662.45,3616.27,3705.1
11/30/2020,3621.63,3593.12,3668.51
11/27/2020,3638.35,3593.43,4023.27
11/25/2020,3629.65,3593.17,3684.15
11/24/2020,3635.41,3600.42,3686.37
11/23/2020,3577.59,3543.01,3625.12
11/20/2020,3557.54,3523.97,3607.65
11/19/2020,3581.87,3531.28,3616.77
11/18/2020,3567.79,3532.49,3617.19
11/17/2020,3609.53,3566.66,3658.49
11/16/2020,3626.91,3592.5,3676.86
11/13/2020,3585.15,3530.53,3643.42
11/12/2020,3537.01,3507.24,3586.72
11/11/2020,3572.66,3529.31,3638.2
11/10/2020,3545.53,3497.94,3604.85
11/9/2020,3550.5,3509.05,3622.91
11/6/2020,3509.44,3473.44,3573.52
11/5/2020,3510.45,3477.29,3561.79
11/4/2020,3443.44,3408.57,3508.61
11/3/2020,3369.16,3317.83,3410.89
11/2/2020,3310.24,3275.93,3355.66
10/30/2020,3269.96,3237.76,3325.38
10/29/2020,3310.11,3243.47,3326.31
10/28/2020,3271.03,3246.72,3328.45
10/27/2020,3390.68,3342.98,3437.03
10/26/2020,3400.97,3360.8,3437.98
10/23/2020,3465.39,3438.1,3513.72
10/22/2020,3453.49,3426.09,3503.56
10/21/2020,3435.56,3400.91,3480.89
10/20/2020,3443.12,3404.69,3476.43
10/19/2020,3426.92,3404.72,3493.72
10/16/2020,3483.81,3440.53,3510.57
10/15/2020,3483.34,3438.95,3540.04
10/14/2020,3488.67,3444.81,3534.22
10/13/2020,3511.93,3468.76,3559.54
10/12/2020,3534.22,3503.24,3951.27
10/9/2020,3477.13,3448.42,3527.74
10/8/2020,3446.83,3417.79,3506.63
10/7/2020,3419.45,3378.34,3507.06
10/6/2020,3360.95,3306.67,3396.36
10/5/2020,3408.63,3362.26,3437.02
10/2/2020,3348.44,3309.72,3391.66
10/1/2020,3380.8,3341.53,3414.2
9/30/2020,3363,3309.69,3387.58
9/29/2020,3335.47,3296.35,3368.3
9/28/2020,3351.6,3325.43,3387.28
9/25/2020,3298.46,3253.27,3338.82
9/24/2020,3246.59,3217.78,3285.05
9/23/2020,3236.92,3207.2,3290.1
9/22/2020,3315.57,3275.38,3347.04
9/21/2020,3281.06,3249.65,3323.05
9/18/2020,3319.47,3276.6,3366.21
9/17/2020,3357.01,3313.28,3399.8
9/16/2020,3385.49,3350.94,3442.61
9/15/2020,3401.2,3367.59,3507.66
9/14/2020,3383.54,3342.12,3427.9
9/11/2020,3340.97,3290.74,3383.98
9/10/2020,3339.19,3311.94,3379.22
9/9/2020,3398.96,3358.27,3443.78
9/8/2020,3331.84,3295.46,3386.66
9/4/2020,3426.96,3373,3481.35
9/3/2020,3455.06,3411.59,3504.81
9/2/2020,3580.84,3538.08,3698.99
9/1/2020,3526.65,3496.21,3565.42
8/31/2020,3500.31,3469.72,3534
8/28/2020,3508.01,3475.48,3556.34
8/27/2020,3484.55,3444.33,3529.95
8/26/2020,3478.73,3444.8,3518.77
8/25/2020,3443.62,3421.08,3473.33
8/24/2020,3431.28,3401,3466.16
8/21/2020,3397.16,3369.04,3436.08
8/20/2020,3385.51,3354.33,3418.05
8/19/2020,3374.85,3340.8,3409.14
8/18/2020,3389.78,3359.27,3428.88
8/17/2020,3381.99,3349.79,3441.44
8/14/2020,3372.85,3331.91,3401.65
8/13/2020,3373.43,3343.57,3403.81
8/12/2020,3380.35,3341.54,3525.09
8/11/2020,3333.69,3308.01,3381.12
8/10/2020,3360.47,3324.26,3402.11
8/7/2020,3351.28,3320.28,3438.29
8/6/2020,3349.16,3318.58,3376.22
8/5/2020,3327.77,3286.63,3387.06
8/4/2020,3306.51,3271.83,3351.16
8/3/2020,3294.61,3257.96,3328.88
7/31/2020,3271.12,3237.59,3327.37
7/30/2020,3246.22,3237.82,3335.37
7/29/2020,3258.44,3225.45,3490.03
7/28/2020,3218.44,3184.86,3268.05
7/27/2020,3239.41,3204.08,3284.14
7/24/2020,3215.63,3177.74,3253.51
7/23/2020,3235.66,3193.43,3271.64
7/22/2020,3276.02,3223.09,3316.66
7/21/2020,3257.3,3228.22,3487.12
7/20/2020,3251.84,3214.26,3310.98
7/17/2020,3224.73,3184.72,3265.69
7/16/2020,3215.57,3159.91,3250.95
7/15/2020,3226.56,3179.92,3280.61
7/14/2020,3197.52,3159.22,3431.86
7/13/2020,3155.22,3125.9,3200.35
7/10/2020,3185.04,3154.6,3220.6
7/9/2020,3152.05,3122.46,3186.22
7/8/2020,3169.94,3145.94,3206.15
7/7/2020,3145.32,3113.17,3181.45
7/6/2020,3179.72,3133.6,3214.09
7/2/2020,3130.01,3096.32,3302.65
7/1/2020,3115.86,3073.88,3174.84
6/30/2020,3100.29,3041.25,3146.17
6/29/2020,3053.24,3015.27,3090.94
6/26/2020,3009.05,2977.94,3245.56
6/25/2020,3083.76,3040.59,3116.56
6/24/2020,3050.33,3032.75,3153.26
6/23/2020,3131.29,3093.18,3166.1
6/22/2020,3117.86,3090.88,3148.91
6/19/2020,3097.74,3053.25,3185.43
6/18/2020,3115.34,3074.94,3257.49
6/17/2020,3113.49,3085.84,3209.75
6/16/2020,3124.74,3074.3,3160.85
6/15/2020,3066.59,3036.68,3176.27
6/12/2020,3041.31,2996.68,3131.26
6/11/2020,3002.1,2989.04,3076.75
6/10/2020,3190.14,3156.42,3302.57
6/9/2020,3207.18,3177.29,3233.14
6/8/2020,3232.39,3201.5,3260.11
6/5/2020,3193.93,3155.92,3339.66
6/4/2020,3112.35,3085.14,3147.76
6/3/2020,3122.87,3085.21,3275.38
6/2/2020,3080.82,3050.53,3184.52
6/1/2020,3055.73,3024.21,3105.01
5/29/2020,3044.31,3016.13,3159.93
5/28/2020,3029.73,3004.24,3085.19
5/27/2020,3036.13,2991.94,3147.5
5/26/2020,2991.77,2965.55,3118.95
5/22/2020,2955.45,2925.43,2991.67
5/21/2020,2948.51,2913.71,2981.69
5/20/2020,2971.61,2938.37,3069.25
5/19/2020,2922.94,2894.44,2975.73
5/18/2020,2953.91,2912.59,2990.82
5/15/2020,2863.7,2822.29,2890.42
5/14/2020,2852.5,2821.97,2891.35
5/13/2020,2820,2797.54,2874.6
5/12/2020,2870.12,2828.1,2895.34
5/11/2020,2930.32,2901.94,3000.82
5/8/2020,2929.8,2895.68,2972.2
5/7/2020,2881.19,2852.13,2935.86
5/6/2020,2848.42,2811.93,2896.47
5/5/2020,2868.44,2827.38,2962.84
5/4/2020,2842.74,2799.41,3058.27
5/1/2020,2830.71,2794.41,2879.82
4/30/2020,2912.43,2851.17,2933.93
4/29/2020,2939.51,2939.38,3063.26
4/28/2020,2863.39,2834.39,3086.89
4/27/2020,2878.48,2843.62,3002.61
4/24/2020,2836.74,2796.4,2927.31
4/23/2020,2797.8,2754.28,2889.52
4/22/2020,2799.31,2756.29,2875.33
4/21/2020,2736.56,2705.66,2829.42
4/20/2020,2823.16,2787.99,2928.93
4/17/2020,2874.56,2822.59,3115.06
4/16/2020,2799.55,2749.44,2861.98
4/15/2020,2783.36,2741.44,2939.72
4/14/2020,2846.06,2795.18,3023.12
4/13/2020,2761.63,2724.56,3015.03
4/9/2020,2789.82,2736.76,3157.62
4/8/2020,2749.98,2694.35,2961.78
4/7/2020,2659.41,2604.32,2833.8
4/6/2020,2663.68,2601.24,2870.36
4/3/2020,2488.65,2437.9,3374.22
4/2/2020,2526.9,2471.25,2601.75
4/1/2020,2470.5,2426.7,2613.52
3/31/2020,2584.59,2535.83,2896.37
3/30/2020,2626.65,2563.92,3217.08
3/27/2020,2541.47,2489.36,2631.21
3/26/2020,2630.07,2570.77,2749.3
3/25/2020,2475.56,2417.42,2750.57
3/24/2020,2447.33,2375.14,2587.82
3/23/2020,2237.4,2183.44,2388.1
3/20/2020,2304.92,2243.68,2677.6
3/19/2020,2409.39,2319.45,2846.61
3/18/2020,2398.1,2308.72,2822.45
3/17/2020,2529.19,2432,2530.83
3/16/2020,2386.13,2350.58,2549.63
3/13/2020,2711.02,2606.34,2806.25
3/12/2020,2480.64,2388.67,2559.34
3/11/2020,2741.38,2692.91,2972.56
3/10/2020,2882.23,2785.5,3013.53
3/9/2020,2746.56,2686.54,2892
3/6/2020,2972.37,2916.88,3016.2
3/5/2020,3023.94,2976.57,3089.56
3/4/2020,3130.12,3051.42,3161.77
3/3/2020,3003.37,2948.14,3075.56
3/2/2020,3090.23,3008.26,3119.57
2/28/2020,2954.22,2943.24,3041.04
2/27/2020,2978.76,2922.21,3033.2
2/26/2020,3116.39,3062.44,3180.3
2/25/2020,3128.21,3098.01,3201.05
2/24/2020,3225.89,3195.22,3280.68
2/21/2020,3337.75,3290.86,3387.64
2/20/2020,3373.23,3329.52,3410.79
2/19/2020,3386.15,3343.98,3443.39
2/18/2020,3370.29,3333.83,3423.23
2/14/2020,3380.16,3344.52,3429.09
2/13/2020,3373.94,3332.51,3433.21
2/12/2020,3379.45,3340.05,3425.91
2/11/2020,3357.75,3329.92,3397.72
2/10/2020,3352.09,3309.21,3388.65
2/7/2020,3327.71,3291.72,3368.69
2/6/2020,3345.78,3298.32,3393.97
2/5/2020,3334.69,3283.21,3388.09
2/4/2020,3297.59,3251,3355.56
2/3/2020,3248.92,3199.72,3295.45
1/31/2020,3225.52,3189.86,3282.68
1/30/2020,3283.66,3256.97,3344.68
1/29/2020,3273.4,3229.45,3320.84
1/28/2020,3276.24,3233.9,3336.87
1/27/2020,3243.63,3206.57,3289.93
1/24/2020,3295.47,3255.15,3345.25
1/23/2020,3325.54,3283.48,3368.18
1/22/2020,3321.75,3282,3368.7
1/21/2020,3320.79,3279.88,3377.97
1/17/2020,3329.62,3288.94,3376.39
1/16/2020,3316.81,3275.71,3362.83
1/15/2020,3289.29,3254.98,3332.88
1/14/2020,3283.15,3247.95,3331.86
1/13/2020,3288.13,3253.07,3330.13
1/10/2020,3265.35,3231.17,3308.59
1/9/2020,3274.7,3241.16,3324.49
1/8/2020,3253.05,3218.63,3306.61
1/7/2020,3237.18,3194.12,3274.85
1/6/2020,3246.28,3207.28,3290.25
1/3/2020,3234.85,3196.94,3277.77
1/2/2020,3257.85,3215.2,3305.77
12/31/2019,3230.78,3197.87,3275.77
12/30/2019,3221.29,3184.66,3261.64
12/27/2019,3240.02,3203.96,3284.9
12/26/2019,3239.91,3199.72,3285.54
12/24/2019,3223.38,3188.23,3256.68
12/23/2019,3224.01,3189.81,3271.77
12/20/2019,3221.22,3190.23,3265.47
12/19/2019,3205.37,3169.8,3247.18
12/18/2019,3191.14,3150.28,3234.67
12/17/2019,3192.52,3151.81,3237.21
12/16/2019,3191.45,3155.31,3233.22
12/13/2019,3168.8,3133.75,3209.69
12/12/2019,3168.57,3116.16,3212.9
12/11/2019,3141.63,3099.32,3189.11
12/10/2019,3132.52,3100.61,3176.26
12/9/2019,3135.96,3088.38,3177.26
12/6/2019,3145.91,3113.42,3190.68
12/5/2019,3117.43,3077.59,3158.36
12/4/2019,3112.76,3076.42,3153.45
12/3/2019,3093.2,3054.6,3133.41
12/2/2019,3113.87,3077.53,3148.71
11/29/2019,3140.98,3112.13,3184.93
11/27/2019,3153.63,3118.62,3185.71
11/26/2019,3140.52,3101.74,3179.15
11/25/2019,3133.64,3095.61,3170.35
11/22/2019,3110.29,3070.09,3146.92
11/21/2019,3103.54,3064.75,3143.73
11/20/2019,3108.46,3075.22,3139.06
11/19/2019,3120.18,3075.51,3157.9
11/18/2019,3122.03,3080.79,3160.33
11/15/2019,3120.46,3082.43,3156.66
11/14/2019,3096.63,3048.54,3138.26
11/13/2019,3094.04,3049.97,3133.69
11/12/2019,3091.84,3044.09,3127.46
11/11/2019,3087.01,3050.78,3131.09
11/8/2019,3093.08,3056.16,3124.69
11/7/2019,3085.18,3044.39,3126.96
11/6/2019,3076.78,3032.98,3115.27
11/5/2019,3074.62,3032.24,3114.6
11/4/2019,3078.27,3039.23,3114.38
11/1/2019,3066.91,3029.89,3103.34
10/31/2019,3037.56,2986.63,3078.05
10/30/2019,3046.77,2999.48,3094.35
10/29/2019,3036.89,2992.02,3079.07
10/28/2019,3039.42,2993.28,3080.97
10/25/2019,3022.55,2985.62,3058.98
10/24/2019,3010.29,2960.59,3041.63
10/23/2019,3004.52,2957.87,3045.94
10/22/2019,2995.99,2942.85,3038.67
10/21/2019,3006.72,2966.23,3050.66
10/18/2019,2986.2,2944.25,3032.28
10/17/2019,2997.95,2965.06,3042.04
10/16/2019,2989.69,2943.77,3032.99
10/15/2019,2995.68,2955.82,3034.26
10/14/2019,2966.15,2929.7,3005.11
10/11/2019,2970.27,2921.2,3017.48
10/10/2019,2938.13,2900.32,2993.04
10/9/2019,2919.4,2880.66,2965.12
10/8/2019,2893.06,2851.69,2946.25
10/7/2019,2938.79,2893.79,2989.62
10/4/2019,2952.01,2896.25,2998.92
10/3/2019,2910.63,2854.92,2960.96
10/2/2019,2887.61,2832.04,2939.18
10/1/2019,2940.25,2905.99,2984.33
9/30/2019,2976.74,2950.08,3018.84
9/27/2019,2961.79,2932.53,3011.17
9/26/2019,2977.62,2936.24,3016.73
9/25/2019,2984.87,2948.69,3025.95
9/24/2019,2966.6,2927.32,3010.1
9/23/2019,2991.78,2974.6,3040.76
9/20/2019,2992.07,2942.61,3032.89
9/19/2019,3006.79,2963.36,3046.13
9/18/2019,3006.73,2964.08,3048.21
9/17/2019,3005.7,2962.96,3045.09
9/16/2019,2997.96,2955.99,3041.44
9/13/2019,3007.39,2957.45,3049.34
9/12/2019,3009.57,2961.67,3050.61
9/11/2019,3000.93,2953.12,3038.96
9/10/2019,2979.39,2931.14,3026.8
9/9/2019,2978.43,2937.41,3021.06
9/6/2019,2978.71,2944.25,3030.14
9/5/2019,2976,2917.72,3012.22
9/4/2019,2937.78,2898.42,2979.94
9/3/2019,2906.27,2866.15,2949.8
8/30/2019,2926.46,2883.28,2958.89
8/29/2019,2924.58,2880.3,2965.32
8/28/2019,2887.94,2830.7,2936
8/27/2019,2869.16,2818.91,2919.13
8/26/2019,2878.38,2841.45,2927.22
8/23/2019,2847.11,2802.01,2911.65
8/22/2019,2922.95,2880.91,2973.56
8/21/2019,2924.43,2889.66,2956.84
8/20/2019,2900.51,2857.24,2930.59
8/19/2019,2923.65,2879.3,2952.03
8/16/2019,2888.68,2857.9,2913.62
8/15/2019,2847.6,2808.61,2882.18
8/14/2019,2840.6,2804.48,2878.43
8/13/2019,2926.32,2883.25,2962.03
8/12/2019,2883.75,2866.85,2895.13
8/9/2019,2918.65,2882.63,2949.09
8/8/2019,2938.09,2887.4,2967.81
8/7/2019,2883.98,2837.39,2917.1
8/6/2019,2881.77,2836.55,2908.84
8/5/2019,2844.74,2791.7,2870.93
8/2/2019,2932.05,2892.14,2971.36
8/1/2019,2953.56,2911.49,2984.11
7/31/2019,2980.38,2941.62,3000.55
7/30/2019,3013.18,2983.37,3037.93
7/29/2019,3020.97,2994.28,3038.93
7/26/2019,3025.86,2992.83,3043.83
7/25/2019,3003.67,2971.59,3031.99
7/24/2019,3019.56,2978.41,3033.13
7/23/2019,3005.47,2963.31,3023.52
7/22/2019,2985.03,2960.65,3005.3
7/19/2019,2976.61,2940.45,2992.61
7/18/2019,2995.11,2962.06,3027.79
7/17/2019,2984.42,2940.23,2999.7
7/16/2019,3004.04,2968.39,3020.31
7/15/2019,3014.3,2985.21,3032.48
7/12/2019,3013.77,2983.77,3029.08
7/11/2019,2999.91,2971.85,3014.5
7/10/2019,2993.07,2966.45,3011.36
7/9/2019,2979.63,2948.85,2999.51
7/8/2019,2975.95,2947.38,2992.53
7/5/2019,2990.41,2959.1,3006.63
7/3/2019,2995.82,2949.14,3015.73
7/2/2019,2973.01,2945.02,2995.51
7/1/2019,2964.33,2933.25,2984.9
6/28/2019,2941.76,2911.55,2963.06
6/27/2019,2924.92,2884.56,2959.48
6/26/2019,2913.78,2881.27,2934.23
6/25/2019,2917.38,2893.75,2943.47
6/24/2019,2945.35,2919.32,2964.79
6/21/2019,2950.46,2905.61,2973.38
6/20/2019,2954.18,2924.22,2970.87
6/19/2019,2926.46,2899.87,2950.22
6/18/2019,2917.75,2889.62,2939.4
6/17/2019,2889.67,2862.83,2910.01
6/14/2019,2886.98,2857.04,2906.28
6/13/2019,2891.64,2862.78,2907.41
6/12/2019,2879.84,2851.69,2898.75
6/11/2019,2885.72,2849.38,2903.92
6/10/2019,2886.73,2856.96,2909.6
6/7/2019,2873.34,2842.81,2893.58
6/6/2019,2843.49,2784.67,2874.68
6/5/2019,2826.15,2789.11,2851.68
6/4/2019,2803.27,2771.56,2830.96
6/3/2019,2744.45,2718.83,2784.71
5/31/2019,2752.06,2724.58,2778.3
5/30/2019,2788.86,2760.13,2817.04
5/29/2019,2783.02,2756.63,2806.62
5/28/2019,2802.39,2778.11,2830.28
5/24/2019,2826.06,2805.42,2850.12
5/23/2019,2822.24,2790.69,2848.84
5/22/2019,2856.27,2829.05,2876.54
5/21/2019,2864.36,2833.48,2887.65
5/20/2019,2840.23,2821.21,2865.41
5/17/2019,2859.53,2826.61,2884.22
5/16/2019,2876.32,2841.05,2902.71
5/15/2019,2850.96,2822.14,2875.75
5/14/2019,2834.41,2806.05,2862.72
5/13/2019,2811.87,2774.13,2836.67
5/10/2019,2881.4,2856.41,2901.86
5/9/2019,2870.72,2825.76,2905.74
5/8/2019,2879.42,2853.98,2905.63
5/7/2019,2884.05,2860.22,2911.84
5/6/2019,2932.47,2882.57,2948.82
5/3/2019,2945.64,2917.96,2962.75
5/2/2019,2917.52,2882.22,2939.21
5/1/2019,2923.73,2880.72,2946.65
4/30/2019,2945.83,2916.76,2973.19
4/29/2019,2943.03,2902.45,2953.2
4/26/2019,2939.88,2910.34,2955.15
4/25/2019,2926.17,2890.24,2944.23
4/24/2019,2927.25,2900.41,2950.7
4/23/2019,2933.68,2904.86,2953.74
4/22/2019,2907.97,2882.87,2930.48
4/18/2019,2905.03,2884.43,2921.9
4/17/2019,2900.45,2869.14,2917.53
4/16/2019,2907.06,2881.73,2923.23
4/15/2019,2905.58,2884.48,2919.19
4/12/2019,2907.41,2880.46,2922.51
4/11/2019,2888.32,2856.31,2908.68
4/10/2019,2888.21,2858.85,2906.43
4/9/2019,2878.2,2848.02,2897.14
4/8/2019,2895.77,2868.54,2912.87
4/5/2019,2892.74,2862.34,2908.13
4/4/2019,2879.39,2849.73,2899.21
4/3/2019,2873.4,2848.13,2896.52
4/2/2019,2867.24,2835.02,2883.8
4/1/2019,2867.19,2833.93,2883.68
3/29/2019,2834.4,2805.34,2854.91
3/28/2019,2815.44,2786.55,2838.3
3/27/2019,2805.37,2772.37,2829.62
3/26/2019,2818.46,2776.29,2841.35
3/25/2019,2798.36,2772.65,2832.87
3/22/2019,2800.71,2776.15,2832.56
3/21/2019,2854.88,2820.53,2876.85
3/20/2019,2824.23,2792.33,2848.05
3/19/2019,2832.57,2792.1,2857.87
3/18/2019,2832.94,2793.41,2862.38
3/15/2019,2822.48,2789.65,2842.43
3/14/2019,2808.48,2762.6,2828.06
3/13/2019,2810.92,2776.31,2838.53
3/12/2019,2791.52,2748.06,2816.57
3/11/2019,2783.3,2747.82,2807.07
3/8/2019,2743.07,2711.88,2772.8
3/7/2019,2748.93,2715.43,2780.26
3/6/2019,2771.45,2742.46,2795.45
3/5/2019,2789.65,2755.2,2813.45
3/4/2019,2792.81,2744.75,2817.14
3/1/2019,2803.69,2765.79,2828.31
2/28/2019,2784.49,2755.89,2809.87
2/27/2019,2792.38,2758.55,2815.73
2/26/2019,2793.9,2758.95,2809.67
2/25/2019,2796.11,2763.69,2815.49
2/22/2019,2792.67,2757.1,2810.54
2/21/2019,2774.88,2738.03,2791.52
2/20/2019,2784.7,2748.32,2806.87
2/19/2019,2779.76,2746.09,2801.16
2/15/2019,2775.6,2735.34,2794.2
2/14/2019,2745.73,2711.31,2769.97
2/13/2019,2753.03,2718.77,2776.66
2/12/2019,2744.73,2713.41,2767.26
2/11/2019,2709.8,2671.3,2730.05
2/8/2019,2707.88,2671.06,2729.02
2/7/2019,2706.05,2671.59,2727.48
2/6/2019,2731.61,2699.88,2751.25
2/5/2019,2737.7,2695.91,2755.92
2/4/2019,2724.87,2689.62,2741.57
2/1/2019,2706.53,2669.3,2732.61
1/31/2019,2704.1,2674.15,2730.21
1/30/2019,2681.05,2650.48,2712.87
1/29/2019,2640,2617.81,2674.72
1/28/2019,2643.85,2602.59,2671.08
1/25/2019,2664.76,2630.13,2688.82
1/24/2019,2642.33,2598.41,2663.61
1/23/2019,2638.7,2603.31,2670.63
1/22/2019,2632.9,2595.57,2660.86
1/18/2019,2670.71,2633.02,2697.01
1/17/2019,2635.96,2596.33,2665.76
1/16/2019,2616.1,2579.83,2644.31
1/15/2019,2610.3,2572.16,2641.69
1/14/2019,2582.61,2549.18,2615.07
1/11/2019,2596.26,2557.48,2623.53
1/10/2019,2596.64,2557.98,2627.47
1/9/2019,2584.96,2537.19,2623.09
1/8/2019,2574.41,2531.15,2610.52
1/7/2019,2549.69,2509.77,2591.75
1/4/2019,2531.94,2487.8,2566.52
1/3/2019,2447.89,2418.09,2502.34
1/2/2019,2510.03,2442.55,2529
12/31/2018,2506.85,2470.94,2551.42
12/28/2018,2485.74,2442.85,2541.3
12/27/2018,2488.83,2424.49,2535.85
12/26/2018,2467.7,2422.83,2509.28
12/24/2018,2351.1,2299.7,2405.24
12/21/2018,2416.62,2387.15,2471.29
12/20/2018,2467.42,2444.87,2532.33
12/19/2018,2506.96,2470.75,2547.94
12/18/2018,2546.16,2501.27,2581.25
12/17/2018,2545.94,2519.44,2602.15
12/14/2018,2599.95,2568.5,2639.87
12/13/2018,2650.54,2613.38,2676.39
12/12/2018,2651.07,2617.49,2686.09
12/11/2018,2636.78,2591.47,2676.04
12/10/2018,2637.72,2606.2,2682.5
12/7/2018,2633.08,2605.52,2679.11
12/6/2018,2695.95,2659.4,2729.31
12/4/2018,2700.06,2673.87,2740.84
12/3/2018,2790.37,2750.98,2814.56
11/30/2018,2760.17,2724.19,2789.8
11/29/2018,2737.76,2710.06,2771.6
11/28/2018,2743.79,2701.27,2765.53
11/27/2018,2682.17,2652.78,2717.37
11/26/2018,2673.45,2618.7,2694.74
11/23/2018,2632.56,2583.47,2685.48
11/21/2018,2649.93,2617.13,2685.61
11/20/2018,2641.89,2603.28,2675.02
11/19/2018,2690.73,2650.05,2732.73
11/16/2018,2736.27,2698.72,2771.08
11/15/2018,2730.2,2686.09,2757.1
11/14/2018,2701.58,2661.12,2736.43
11/13/2018,2722.18,2693.5,2768.18
11/12/2018,2726.22,2695.56,2767.7
11/9/2018,2781.01,2738.57,2806.34
11/8/2018,2806.83,2761.76,2833.2
11/7/2018,2813.89,2768.18,2838.44
11/6/2018,2755.45,2721.64,2786.77
11/5/2018,2738.31,2698.09,2770.46
11/2/2018,2723.06,2689.36,2754.36
11/1/2018,2740.37,2680.72,2764.92
10/31/2018,2711.74,2671.11,2745.37
10/30/2018,2682.63,2640.9,2723.84
10/29/2018,2641.25,2607.59,2685.18
10/26/2018,2658.69,2632.91,2705.7
10/25/2018,2705.57,2650.92,2731.74
10/24/2018,2656.1,2641.79,2718.99
10/23/2018,2740.69,2707.71,2778.95
10/22/2018,2755.88,2726.15,2792.02
10/19/2018,2767.78,2734.89,2790.28
10/18/2018,2768.78,2738.96,2811.02
10/17/2018,2809.21,2782.07,2845.86
10/16/2018,2809.92,2778.64,2849.5
10/15/2018,2750.79,2714.18,2779.23
10/12/2018,2767.13,2739.44,2812.29
10/11/2018,2728.37,2717.06,2798.67
10/10/2018,2785.68,2745.53,2810.3
10/9/2018,2880.34,2848.02,2910.35
10/8/2018,2884.43,2857.77,2913.71
10/5/2018,2885.57,2858.06,2921.65
10/4/2018,2901.61,2872.57,2932.46
10/3/2018,2925.51,2899.2,2949.94
10/2/2018,2923.43,2894.66,2946.02
10/1/2018,2924.59,2895.6,2947.63
9/28/2018,2913.98,2885.46,2936.31
9/27/2018,2914,2887.89,2939.79
9/26/2018,2905.97,2878.51,2932.84
9/25/2018,2915.56,2886.23,2936.52
9/24/2018,2919.37,2893.35,2944.19
9/21/2018,2929.67,2895.81,2948.67
9/20/2018,2930.75,2899.29,2951.79
9/19/2018,2907.95,2877.81,2932.35
9/18/2018,2904.31,2869.64,2927.19
9/17/2018,2888.8,2857.74,2912.27
9/14/2018,2904.98,2872.14,2921.98
9/13/2018,2904.18,2862.91,2926.59
9/12/2018,2888.92,2859.83,2909.05
9/11/2018,2887.89,2854.62,2912.01
9/10/2018,2877.13,2851.26,2895.85
9/7/2018,2871.68,2834.6,2893.32
9/6/2018,2878.05,2842.94,2898.07
9/5/2018,2888.6,2850.99,2911.02
9/4/2018,2896.72,2865.13,2918.37
8/31/2018,2901.52,2873.82,2920.47
8/30/2018,2901.13,2873.26,2920.83
8/29/2018,2914.04,2886.89,2930.34
8/28/2018,2897.52,2871.74,2916
8/27/2018,2896.74,2866.89,2914.42
8/24/2018,2874.69,2843.6,2893.71
8/23/2018,2856.98,2822.65,2881.24
8/22/2018,2861.82,2833.34,2882.39
8/21/2018,2862.96,2824.41,2878.72
8/20/2018,2857.05,2824.49,2875.25
8/17/2018,2850.13,2819.02,2869.2
8/16/2018,2840.69,2806.32,2861
8/15/2018,2818.37,2792.44,2848.22
8/14/2018,2839.96,2810.63,2861.42
8/13/2018,2821.93,2799.86,2849.18
8/10/2018,2833.28,2807.46,2862.41
8/9/2018,2853.58,2825.99,2874.31
8/8/2018,2857.7,2824.28,2876.31
8/7/2018,2858.45,2832.74,2874.68
8/6/2018,2850.4,2820.77,2868.04
8/3/2018,2840.35,2806.38,2859.5
8/2/2018,2827.22,2795.47,2848.52
8/1/2018,2813.36,2780.53,2837.16
7/31/2018,2816.29,2788.93,2847.26
7/30/2018,2802.6,2773.18,2830.23
7/27/2018,2818.82,2773.88,2844.45
7/26/2018,2837.44,2802.19,2858.21
7/25/2018,2846.07,2799.56,2862.25
7/24/2018,2820.4,2784.13,2840.39
7/23/2018,2806.98,2779.35,2832.23
7/20/2018,2801.83,2771.69,2822.1
7/19/2018,2804.49,2772.4,2828.33
7/18/2018,2815.62,2780.88,2832.44
7/17/2018,2809.55,2775.38,2830.11
7/16/2018,2798.43,2751.16,2810.84
7/13/2018,2801.31,2760.43,2823.29
7/12/2018,2798.29,2760.3,2816.33
7/11/2018,2774.02,2739.5,2798.28
7/10/2018,2793.84,2755.08,2813.44
7/9/2018,2784.17,2754.4,2805.9
7/6/2018,2759.82,2722.73,2785.53
7/5/2018,2736.61,2702.96,2760.17
7/3/2018,2713.22,2661.97,2758.81
7/2/2018,2726.71,2691.8,2754.01
6/29/2018,2718.37,2693.5,2752.38
6/28/2018,2716.31,2690.3,2751.18
6/27/2018,2699.63,2674.07,2738.51
6/26/2018,2723.06,2692.68,2755.77
6/25/2018,2717.07,2686.95,2748.64
6/22/2018,2754.88,2726.16,2779.24
6/21/2018,2749.76,2716.72,2775.29
6/20/2018,2767.32,2739.78,2790.6
6/19/2018,2762.59,2728.33,2786.06
6/18/2018,2773.75,2743.09,2795.65
6/15/2018,2779.66,2746.11,2799.82
6/14/2018,2782.49,2746.75,2807.33
6/13/2018,2775.63,2748.72,2798.01
6/12/2018,2786.85,2755.84,2801.41
6/11/2018,2782,2750.08,2798.78
6/8/2018,2779.03,2746.02,2796.94
6/7/2018,2770.37,2738.99,2788.19
6/6/2018,2772.35,2740.22,2788.98
6/5/2018,2748.8,2722.83,2769.58
6/4/2018,2746.87,2717.31,2764.06
6/1/2018,2734.62,2703.11,2753.85
5/31/2018,2705.27,2678.65,2734.02
5/30/2018,2724.01,2688.71,2745.74
5/29/2018,2689.86,2667.28,2717.85
5/25/2018,2721.33,2689.38,2741.47
5/24/2018,2727.76,2694.61,2750.11
5/23/2018,2733.29,2699.15,2753.09
5/22/2018,2724.44,2698.49,2748.32
5/21/2018,2733.01,2702.61,2750.85
5/18/2018,2712.97,2687.1,2733.75
5/17/2018,2720.13,2687.42,2740.16
5/16/2018,2722.46,2686.92,2743.29
5/15/2018,2711.45,2676.68,2734.62
5/14/2018,2730.13,2694.05,2749.77
5/11/2018,2727.72,2687.42,2745.36
5/10/2018,2723.07,2681.7,2742.85
5/9/2018,2697.79,2662,2722.85
5/8/2018,2671.92,2637.16,2698.1
5/7/2018,2672.63,2635.51,2700.42
5/4/2018,2663.42,2623.36,2692.66
5/3/2018,2629.73,2600.85,2665.37
5/2/2018,2635.67,2602.47,2662.68
5/1/2018,2654.8,2622.82,2690.38
4/30/2018,2648.05,2618.99,2678.02
4/27/2018,2669.91,2634.95,2695.02
4/26/2018,2666.94,2648,2709.63
4/25/2018,2639.4,2616.08,2679.29
4/24/2018,2634.56,2601.55,2672.74
4/23/2018,2670.29,2633.25,2701.27
4/20/2018,2670.14,2635.52,2697.92
4/19/2018,2693.13,2657.55,2719.03
4/18/2018,2708.64,2674.24,2735.57
4/17/2018,2706.39,2666.6,2731.65
4/16/2018,2677.84,2649.09,2708.75
4/13/2018,2656.3,2621.22,2687.75
4/12/2018,2663.99,2630.54,2697.42
4/11/2018,2642.19,2609.14,2675.66
4/10/2018,2656.87,2616.53,2686.28
4/9/2018,2613.16,2584.09,2653.03
4/6/2018,2604.47,2573.86,2645.29
4/5/2018,2662.84,2623.27,2690.41
4/4/2018,2644.69,2607.25,2676.59
4/3/2018,2614.45,2574.31,2651.52
4/2/2018,2581.88,2548.33,2624.77
3/29/2018,2640.87,2599.49,2676.11
3/28/2018,2605,2572.5,2656.23
3/27/2018,2612.62,2576.87,2655.7
3/26/2018,2658.55,2618.52,2695.31
3/23/2018,2588.26,2564.8,2646.23
3/22/2018,2643.69,2610.56,2691.68
3/21/2018,2711.93,2682.28,2744.08
3/20/2018,2716.94,2685.7,2748.74
3/19/2018,2712.92,2686.32,2748.4
3/16/2018,2752.01,2717.54,2777.17
3/15/2018,2747.33,2716.12,2782.94
3/14/2018,2749.48,2716.93,2777.51
3/13/2018,2765.31,2729.75,2793.64
3/12/2018,2783.02,2747.87,2807.73
3/9/2018,2786.57,2737.55,2808.77
3/8/2018,2738.97,2697.93,2764.11
3/7/2018,2726.8,2685.52,2754.65
3/6/2018,2728.12,2686.3,2756.69
3/5/2018,2720.94,2672.27,2750.19
3/2/2018,2691.25,2651.35,2728.68
3/1/2018,2677.67,2649.66,2722.9
2/28/2018,2713.83,2687.16,2759.1
2/27/2018,2744.28,2713.21,2778.7
2/26/2018,2779.6,2745.49,2808.33
2/23/2018,2747.3,2705.9,2775.68
2/22/2018,2703.96,2680.94,2747.29
2/21/2018,2701.33,2665.19,2738.36
2/20/2018,2716.26,2682.19,2747.85
2/16/2018,2732.22,2692.33,2766.16
2/15/2018,2731.2,2693.26,2761.67
2/14/2018,2698.63,2661.25,2733.91
2/13/2018,2662.94,2622.48,2698.88
2/12/2018,2656,2613.36,2697.17
2/9/2018,2619.55,2573.92,2663.7
2/8/2018,2581,2567.15,2654.47
2/7/2018,2681.66,2636.97,2713.17
2/6/2018,2695.14,2647.88,2736.89
2/5/2018,2648.94,2600.14,2689.29
2/2/2018,2762.13,2727.85,2802.67
2/1/2018,2821.98,2781.61,2854.77
1/31/2018,2823.81,2781.99,2856.57
1/30/2018,2822.43,2788.88,2850.57
1/29/2018,2853.53,2816.69,2881.31
1/26/2018,2872.87,2832.19,2901.06
1/25/2018,2839.25,2801.1,2862.96
1/24/2018,2837.54,2810.05,2861.41
1/23/2018,2839.13,2801.12,2859.51
1/22/2018,2832.97,2802.56,2861.7
1/19/2018,2810.3,2774.97,2834.69
1/18/2018,2798.03,2758.22,2820.41
1/17/2018,2802.56,2764.81,2833.17
1/16/2018,2776.42,2746.71,2809.77
1/12/2018,2786.24,2753.32,2815.53
1/11/2018,2767.56,2731.74,2793.52
1/10/2018,2748.23,2717.23,2775.7
1/9/2018,2751.29,2717.82,2774.63
1/8/2018,2747.71,2714.4,2770.78
1/5/2018,2743.15,2710.65,2764.38
1/4/2018,2723.99,2691.84,2746.34
1/3/2018,2713.06,2677,2737.39
1/2/2018,2695.81,2664.52,2718.9
12/29/2017,2673.61,2640.48,2697.81
12/28/2017,2687.54,2652.25,2706.6
12/27/2017,2682.62,2648.34,2706.36
12/26/2017,2680.5,2646.27,2704.95
12/22/2017,2683.34,2648.75,2704.19
12/21/2017,2684.57,2650.24,2708.29
12/20/2017,2679.25,2642.48,2702.15
12/19/2017,2681.47,2641.24,2707.59
12/18/2017,2690.16,2650.47,2716.9
12/15/2017,2675.81,2644.1,2704.08
12/14/2017,2652.01,2612.99,2679.34
12/13/2017,2662.85,2625.42,2690.42
12/12/2017,2664.11,2628.74,2690.43
12/11/2017,2659.99,2622.16,2688.5
12/8/2017,2651.5,2608.24,2676.99
12/7/2017,2636.98,2594.95,2662.5
12/6/2017,2629.27,2589.54,2658.45
12/5/2017,2629.57,2586.4,2658.13
12/4/2017,2639.44,2593.89,2665.94
12/1/2017,2642.22,2598.18,2671.89
11/30/2017,2647.58,2596.22,2663.91
11/29/2017,2626.07,2583.18,2651.43
11/28/2017,2627.04,2584.31,2652.33
11/27/2017,2601.42,2568.09,2627.97
11/24/2017,2602.42,2560.66,2637.07
11/22/2017,2597.08,2562.15,2620.89
11/21/2017,2599.03,2557.91,2628.02
11/20/2017,2582.14,2546.79,2605.06
11/17/2017,2578.85,2543.55,2604.38
11/16/2017,2585.64,2547.88,2617.34
11/15/2017,2564.62,2526.28,2606.48
11/14/2017,2578.87,2541.97,2608.64
11/13/2017,2584.84,2545.58,2611.7
11/10/2017,2582.3,2545.91,2611.71
11/9/2017,2584.62,2547.41,2611.96
11/8/2017,2594.38,2558.35,2621.05
11/7/2017,2590.64,2553.8,2616.13
11/6/2017,2591.13,2556.59,2614.91
11/3/2017,2587.84,2556.24,2616.45
11/2/2017,2579.85,2546.86,2616.81
11/1/2017,2579.36,2542.9,2608.91
10/31/2017,2575.26,2541.32,2602.61
10/30/2017,2572.83,2539.54,2604.47
10/27/2017,2581.07,2547.38,2608.57
